transcript,gene,domain,start,end,NS,S
ENSSAST00005000004,S,CoV_S2,2130,3693,1216.333333333333,343.66666666666634
ENSSAST00005000004,S,bCoV_S1_RBD,1044,1575,411.33333333333366,116.66666666666656
ENSSAST00005000004,S,bCoV_S1_N,96,1008,711.3333333333331,197.66666666666669
ENSSAST00005000004,S,CoV_S1_C,1605,1773,128.0,37.0
ENSSAST00005000006,ORF3a,bCoV_viroporin,0,819,634.9999999999999,181.0000000000002
ENSSAST00005000003,ORF1ab,Macro,3171,3489,242.9999999999999,72.00000000000003
ENSSAST00005000003,ORF1ab,Peptidase_C30,9873,10743,675.6666666666666,191.33333333333348
ENSSAST00005000003,ORF1ab,CoV_NSP9,12420,12756,254.99999999999986,78.00000000000001
ENSSAST00005000003,ORF1ab,CoV_peptidase,4689,5643,749.6666666666656,201.33333333333368
ENSSAST00005000003,ORF1ab,CoV_NSP7,11577,11823,188.99999999999997,54.00000000000002
ENSSAST00005000003,ORF1ab,CoV_NSP8,11826,12414,459.6666666666669,125.33333333333327
ENSSAST00005000003,ORF1ab,CoV_NSP10,12783,13149,282.99999999999983,79.99999999999999
ENSSAST00005000003,ORF1ab,bCoV_NSP1,24,426,302.00000000000006,96.99999999999996
ENSSAST00005000003,ORF1ab,bCoV_SUD_M,4050,4476,322.66666666666663,100.33333333333333
ENSSAST00005000003,ORF1ab,bCoV_SUD_C,4491,4680,145.33333333333334,40.666666666666664
ENSSAST00005000003,ORF1ab,bCoV_NSP3_N,2637,3147,408.0000000000002,98.99999999999996
ENSSAST00005000003,ORF1ab,bCoV_NAR,5763,6054,231.66666666666657,56.33333333333336
ENSSAST00005000003,ORF1ab,CoV_NSP4_C,9495,9780,221.66666666666657,60.33333333333336
ENSSAST00005000003,ORF1ab,CoV_NSP2_N,546,1266,565.0000000000003,151.99999999999997
ENSSAST00005000003,ORF1ab,CoV_NSP2_C,1953,2451,383.6666666666668,111.33333333333327
ENSSAST00005000003,ORF1ab,CoV_NSP6,10791,11574,612.6666666666666,167.3333333333334
ENSSAST00005000003,ORF1ab,CoV_NSP4_N,8361,9420,812.9999999999999,243.00000000000014
ENSSAST00005000003,ORF1ab,CoV_NSP3_C,6780,8241,1146.3333333333321,311.6666666666665
ENSSAST00005000012,ORF7b,bCoV_NS7B,0,123,95.66666666666671,24.333333333333325
ENSSAST00005000002,ORF1ab,RdRP_1,14373,15837,1154.9999999999984,306.00000000000006
ENSSAST00005000002,ORF1ab,Viral_helicase1,17013,17685,515.3333333333338,153.66666666666669
ENSSAST00005000002,ORF1ab,Macro,3171,3489,242.9999999999999,72.00000000000003
ENSSAST00005000002,ORF1ab,Peptidase_C30,9873,10743,675.6666666666666,191.33333333333348
ENSSAST00005000002,ORF1ab,CoV_Methyltr_2,20397,21282,695.0000000000003,186.99999999999997
ENSSAST00005000002,ORF1ab,CoV_Methyltr_1,17784,19347,1231.6666666666663,328.33333333333314
ENSSAST00005000002,ORF1ab,CoV_RPol_N,13218,14271,832.9999999999991,217.00000000000023
ENSSAST00005000002,ORF1ab,CoV_NSP9,12420,12756,254.99999999999986,78.00000000000001
ENSSAST00005000002,ORF1ab,CoV_peptidase,4689,5643,749.6666666666656,201.33333333333368
ENSSAST00005000002,ORF1ab,CoV_NSP7,11577,11823,188.99999999999997,54.00000000000002
ENSSAST00005000002,ORF1ab,CoV_NSP8,11826,12414,459.6666666666669,125.33333333333327
ENSSAST00005000002,ORF1ab,CoV_NSP10,12783,13149,282.99999999999983,79.99999999999999
ENSSAST00005000002,ORF1ab,bCoV_NSP1,24,426,302.00000000000006,96.99999999999996
ENSSAST00005000002,ORF1ab,bCoV_SUD_M,4050,4476,322.66666666666663,100.33333333333333
ENSSAST00005000002,ORF1ab,bCoV_SUD_C,4491,4680,145.33333333333334,40.666666666666664
ENSSAST00005000002,ORF1ab,bCoV_NSP3_N,2637,3147,408.0000000000002,98.99999999999996
ENSSAST00005000002,ORF1ab,bCoV_NAR,5763,6054,231.66666666666657,56.33333333333336
ENSSAST00005000002,ORF1ab,CoV_NSP4_C,9495,9780,221.66666666666657,60.33333333333336
ENSSAST00005000002,ORF1ab,CoV_NSP2_N,546,1266,565.0000000000003,151.99999999999997
ENSSAST00005000002,ORF1ab,CoV_NSP2_C,1953,2451,383.6666666666668,111.33333333333327
ENSSAST00005000002,ORF1ab,CoV_NSP6,10791,11574,612.6666666666666,167.3333333333334
ENSSAST00005000002,ORF1ab,CoV_NSP15_C,19929,20385,363.3333333333335,89.66666666666663
ENSSAST00005000002,ORF1ab,CoV_NSP15_M,19566,19854,217.99999999999994,67.00000000000001
ENSSAST00005000002,ORF1ab,CoV_NSP4_N,8361,9420,812.9999999999999,243.00000000000014
ENSSAST00005000002,ORF1ab,CoV_NSP3_C,6780,8241,1146.3333333333321,311.6666666666665
ENSSAST00005000002,ORF1ab,CoV_NSP15_N,19356,19536,138.66666666666669,38.333333333333336
ENSSAST00005000007,M,CoV_M,45,645,455.6666666666671,141.33333333333337
ENSSAST00005000011,ORF6,bCoV_NS6,0,180,142.33333333333334,34.66666666666667
ENSSAST00005000008,ORF8,bCoV_NS8,0,351,274.66666666666663,73.3333333333333
ENSSAST00005000009,ORF7a,bCoV_NS7A,45,360,240.66666666666663,71.33333333333333
ENSSAST00005000005,N,CoV_nucleocap,123,1143,783.6666666666655,233.33333333333388
ENSSAST00005000010,E,CoV_E,6,201,143.33333333333331,48.6666666666667
