MN908947.3	1	A	.
MN908947.3	2	T	.
MN908947.3	3	T	.
MN908947.3	4	A	.
MN908947.3	5	A	.
MN908947.3	6	A	.
MN908947.3	7	G	.
MN908947.3	8	G	.
MN908947.3	9	T	.
MN908947.3	10	T	.
MN908947.3	11	T	.
MN908947.3	12	A	.
MN908947.3	13	T	.
MN908947.3	14	A	.
MN908947.3	15	C	.
MN908947.3	16	C	.
MN908947.3	17	T	.
MN908947.3	18	T	.
MN908947.3	19	C	.
MN908947.3	20	C	.
MN908947.3	21	C	.
MN908947.3	22	A	.
MN908947.3	23	G	.
MN908947.3	24	G	.
MN908947.3	25	T	.
MN908947.3	26	A	.
MN908947.3	27	A	.
MN908947.3	28	C	.
MN908947.3	29	A	.
MN908947.3	30	A	.
MN908947.3	31	A	.
MN908947.3	32	C	.
MN908947.3	33	C	.
MN908947.3	34	A	.
MN908947.3	35	A	.
MN908947.3	36	C	.
MN908947.3	37	C	.
MN908947.3	38	A	.
MN908947.3	39	A	.
MN908947.3	40	C	.
MN908947.3	41	T	.
MN908947.3	42	T	.
MN908947.3	43	T	.
MN908947.3	44	C	.
MN908947.3	45	G	.
MN908947.3	46	A	.
MN908947.3	47	T	.
MN908947.3	48	C	.
MN908947.3	49	T	.
MN908947.3	50	C	.
MN908947.3	51	T	.
MN908947.3	52	T	.
MN908947.3	53	G	.
MN908947.3	54	T	.
MN908947.3	55	A	.
MN908947.3	150	T	C
MN908947.3	150	T	Y
MN908947.3	153	T	Y
MN908947.3	153	T	G
MN908947.3	635	C	T
MN908947.3	635	C	Y
MN908947.3	1707	C	T
MN908947.3	1707	C	A
MN908947.3	1707	C	Y
MN908947.3	1895	G	K
MN908947.3	1895	G	T
MN908947.3	2091	C	T
MN908947.3	2091	C	Y
MN908947.3	2094	C	T
MN908947.3	2094	C	Y
MN908947.3	2198	G	R
MN908947.3	2198	G	T
MN908947.3	2198	G	A
MN908947.3	2604	G	K
MN908947.3	2604	G	T
MN908947.3	3145	G	T
MN908947.3	3564	G	K
MN908947.3	3564	G	T
MN908947.3	3639	G	R
MN908947.3	3639	G	A
MN908947.3	3778	A	G
MN908947.3	4050	A	C
MN908947.3	4221	A	D
MN908947.3	4221	A	T
MN908947.3	4221	A	W
MN908947.3	5011	A	C
MN908947.3	5011	A	M
MN908947.3	5257	A	M
MN908947.3	5257	A	W
MN908947.3	5257	A	G
MN908947.3	5736	C	T
MN908947.3	5736	C	Y
MN908947.3	5743	G	T
MN908947.3	5743	G	S
MN908947.3	5744	T	Y
MN908947.3	6167	G	R
MN908947.3	6167	G	K
MN908947.3	6255	C	T
MN908947.3	6869	A	T
MN908947.3	6869	A	W
MN908947.3	6874	T	C
MN908947.3	6874	T	Y
MN908947.3	6874	T	G
MN908947.3	8022	T	K
MN908947.3	8022	T	C
MN908947.3	8022	T	G
MN908947.3	8026	A	T
MN908947.3	8026	A	W
MN908947.3	8026	A	G
MN908947.3	8328	T	G
MN908947.3	8790	G	K
MN908947.3	8790	G	T
MN908947.3	8827	T	W
MN908947.3	8828	G	K
MN908947.3	8828	G	A
MN908947.3	8835	T	C
MN908947.3	8886	T	A
MN908947.3	8886	T	C
MN908947.3	8886	T	W
MN908947.3	8886	T	Y
MN908947.3	8887	A	R
MN908947.3	8887	A	C
MN908947.3	8887	A	G
MN908947.3	9039	C	T
MN908947.3	9039	C	M
MN908947.3	9039	C	Y
MN908947.3	10129	T	C
MN908947.3	10129	T	W
MN908947.3	10129	T	Y
MN908947.3	10239	C	M
MN908947.3	10239	C	A
MN908947.3	10554	T	D
MN908947.3	10554	T	A
MN908947.3	10716	A	C
MN908947.3	10716	A	W
MN908947.3	10716	A	G
MN908947.3	11074	C	T
MN908947.3	11074	C	Y
MN908947.3	11083	G	K
MN908947.3	11083	G	T
MN908947.3	11083	G	A
MN908947.3	11535	G	K
MN908947.3	11535	G	T
MN908947.3	13117	A	C
MN908947.3	13117	A	M
MN908947.3	13117	A	G
MN908947.3	13402	T	K
MN908947.3	13402	T	C
MN908947.3	13402	T	G
MN908947.3	13408	T	K
MN908947.3	13476	C	T
MN908947.3	13476	C	Y
MN908947.3	13571	G	K
MN908947.3	13571	G	T
MN908947.3	13599	T	C
MN908947.3	13599	T	Y
MN908947.3	13687	G	T
MN908947.3	14222	T	B
MN908947.3	14222	T	G
MN908947.3	14223	A	C
MN908947.3	14223	A	G
MN908947.3	14225	C	M
MN908947.3	14225	C	T
MN908947.3	14225	C	A
MN908947.3	14225	C	B
MN908947.3	14277	G	K
MN908947.3	14277	G	T
MN908947.3	14851	T	C
MN908947.3	14851	T	A
MN908947.3	14851	T	G
MN908947.3	14852	T	C
MN908947.3	14852	T	Y
MN908947.3	14852	T	G
MN908947.3	15435	A	R
MN908947.3	15435	A	G
MN908947.3	15521	T	A
MN908947.3	15922	T	C
MN908947.3	15922	T	Y
MN908947.3	16290	T	K
MN908947.3	16887	C	T
MN908947.3	16887	C	Y
MN908947.3	17178	T	C
MN908947.3	17178	T	G
MN908947.3	17179	G	T
MN908947.3	17179	G	S
MN908947.3	17182	G	A
MN908947.3	17567	G	K
MN908947.3	17567	G	A
MN908947.3	19286	G	R
MN908947.3	19286	G	T
MN908947.3	19286	G	C
MN908947.3	19286	G	A
MN908947.3	19298	A	R
MN908947.3	19298	A	D
MN908947.3	19298	A	T
MN908947.3	19298	A	W
MN908947.3	19299	T	Y
MN908947.3	19299	T	G
MN908947.3	19484	C	T
MN908947.3	19484	C	Y
MN908947.3	19548	A	D
MN908947.3	19548	A	R
MN908947.3	19548	A	T
MN908947.3	19548	A	W
MN908947.3	19548	A	G
MN908947.3	20056	G	K
MN908947.3	20056	G	A
MN908947.3	20123	T	C
MN908947.3	20123	T	Y
MN908947.3	20465	A	R
MN908947.3	20465	A	W
MN908947.3	20465	A	G
MN908947.3	21149	G	A
MN908947.3	21151	G	D
MN908947.3	21151	G	T
MN908947.3	21209	T	C
MN908947.3	21209	T	H
MN908947.3	21212	G	A
MN908947.3	21550	A	C
MN908947.3	21550	A	M
MN908947.3	21551	A	R
MN908947.3	21551	A	T
MN908947.3	21551	A	W
MN908947.3	21575	C	T
MN908947.3	21575	C	Y
MN908947.3	21968	T	C
MN908947.3	21968	T	G
MN908947.3	21987	G	T
MN908947.3	21987	G	K
MN908947.3	21987	G	C
MN908947.3	21987	G	A
MN908947.3	22335	G	K
MN908947.3	22335	G	T
MN908947.3	22335	G	A
MN908947.3	22516	T	D
MN908947.3	22516	T	K
MN908947.3	22516	T	Y
MN908947.3	22516	T	C
MN908947.3	22516	T	W
MN908947.3	22521	T	K
MN908947.3	22521	T	Y
MN908947.3	22651	T	C
MN908947.3	22651	T	A
MN908947.3	22661	G	T
MN908947.3	22661	G	A
MN908947.3	22661	G	S
MN908947.3	22802	C	A
MN908947.3	22802	C	T
MN908947.3	22802	C	M
MN908947.3	22802	C	Y
MN908947.3	24389	A	M
MN908947.3	24389	A	C
MN908947.3	24389	A	W
MN908947.3	24390	G	T
MN908947.3	24390	G	K
MN908947.3	24390	G	C
MN908947.3	24390	G	S
MN908947.3	24410	G	C
MN908947.3	24410	G	A
MN908947.3	24622	T	Y
MN908947.3	24933	G	K
MN908947.3	24933	G	T
MN908947.3	25202	T	K
MN908947.3	25381	A	R
MN908947.3	25381	A	C
MN908947.3	25381	A	M
MN908947.3	25382	T	C
MN908947.3	26549	C	T
MN908947.3	26549	C	Y
MN908947.3	27658	A	D
MN908947.3	27658	A	T
MN908947.3	27658	A	W
MN908947.3	27658	A	G
MN908947.3	27660	A	T
MN908947.3	27660	A	C
MN908947.3	27660	A	V
MN908947.3	27660	A	G
MN908947.3	27760	T	K
MN908947.3	27760	T	A
MN908947.3	27760	T	Y
MN908947.3	27761	T	C
MN908947.3	27784	A	T
MN908947.3	27784	A	W
MN908947.3	27784	A	G
MN908947.3	28184	T	C
MN908947.3	28184	T	H
MN908947.3	28253	C	Y
MN908947.3	28253	C	S
MN908947.3	28253	C	T
MN908947.3	28253	C	A
MN908947.3	28253	C	G
MN908947.3	28985	G	D
MN908947.3	28985	G	K
MN908947.3	28985	G	R
MN908947.3	28985	G	T
MN908947.3	28985	G	A
MN908947.3	29037	C	T
MN908947.3	29037	C	M
MN908947.3	29037	C	Y
MN908947.3	29039	A	T
MN908947.3	29039	A	W
MN908947.3	29058	G	K
MN908947.3	29058	G	T
MN908947.3	29058	G	A
MN908947.3	29425	G	T
MN908947.3	29425	G	A
MN908947.3	29425	G	S
MN908947.3	29553	G	T
MN908947.3	29553	G	A
MN908947.3	29594	A	T
MN908947.3	29594	A	C
MN908947.3	29783	G	T
MN908947.3	29783	G	K
MN908947.3	29783	G	C
MN908947.3	29783	G	A
MN908947.3	29804	T	.
MN908947.3	29805	A	.
MN908947.3	29806	A	.
MN908947.3	29807	T	.
MN908947.3	29808	G	.
MN908947.3	29809	T	.
MN908947.3	29810	G	.
MN908947.3	29811	T	.
MN908947.3	29812	A	.
MN908947.3	29813	A	.
MN908947.3	29814	A	.
MN908947.3	29815	A	.
MN908947.3	29816	T	.
MN908947.3	29817	T	.
MN908947.3	29818	A	.
MN908947.3	29819	A	.
MN908947.3	29820	T	.
MN908947.3	29821	T	.
MN908947.3	29822	T	.
MN908947.3	29823	T	.
MN908947.3	29824	A	.
MN908947.3	29825	G	.
MN908947.3	29826	T	.
MN908947.3	29827	A	T
MN908947.3	29827	A	G
MN908947.3	29828	G	.
MN908947.3	29829	T	.
MN908947.3	29830	G	T
MN908947.3	29830	G	C
MN908947.3	29830	G	A
MN908947.3	29831	C	.
MN908947.3	29832	T	.
MN908947.3	29833	A	.
MN908947.3	29834	T	.
MN908947.3	29835	C	.
MN908947.3	29836	C	.
MN908947.3	29837	C	.
MN908947.3	29838	C	.
MN908947.3	29839	A	.
MN908947.3	29840	T	.
MN908947.3	29841	G	.
MN908947.3	29842	T	.
MN908947.3	29843	G	.
MN908947.3	29844	A	.
MN908947.3	29845	T	.
MN908947.3	29846	T	.
MN908947.3	29847	T	.
MN908947.3	29848	T	.
MN908947.3	29849	A	.
MN908947.3	29850	A	.
MN908947.3	29851	T	.
MN908947.3	29852	A	.
MN908947.3	29853	G	.
MN908947.3	29854	C	.
MN908947.3	29855	T	.
MN908947.3	29856	T	.
MN908947.3	29857	C	.
MN908947.3	29858	T	.
MN908947.3	29859	T	.
MN908947.3	29860	A	.
MN908947.3	29861	G	.
MN908947.3	29862	G	.
MN908947.3	29863	A	.
MN908947.3	29864	G	.
MN908947.3	29865	A	.
MN908947.3	29866	A	.
MN908947.3	29867	T	.
MN908947.3	29868	G	.
MN908947.3	29869	A	.
MN908947.3	29870	C	.
MN908947.3	29871	A	.
MN908947.3	29872	A	.
MN908947.3	29873	A	.
MN908947.3	29874	A	.
MN908947.3	29875	A	.
MN908947.3	29876	A	.
MN908947.3	29877	A	.
MN908947.3	29878	A	.
MN908947.3	29879	A	.
MN908947.3	29880	A	.
MN908947.3	29881	A	.
MN908947.3	29882	A	.
MN908947.3	29883	A	.
MN908947.3	29884	A	.
MN908947.3	29885	A	.
MN908947.3	29886	A	.
MN908947.3	29887	A	.
MN908947.3	29888	A	.
MN908947.3	29889	A	.
MN908947.3	29890	A	.
MN908947.3	29891	A	.
MN908947.3	29892	A	.
MN908947.3	29893	A	.
MN908947.3	29894	A	.
MN908947.3	29895	A	.
MN908947.3	29896	A	.
MN908947.3	29897	A	.
MN908947.3	29898	A	.
MN908947.3	29899	A	.
MN908947.3	29900	A	.
MN908947.3	29901	A	.
MN908947.3	29902	A	.
MN908947.3	29903	A	.
