,variant_id,hgvs_p,gene_name,count_subclonal,cons_hmm_sars_cov_2,af_cons
1310,23607:G>T,p.R682L,S,4,-1.029729962348938,-1.42750884028053
1208,22646:G>C,p.V362L,S,3,-1.274549961090088,-1.4002362497750318
1060,21420:A>C,p.*7052Sext*?,ORF1ab,28,-0.356330007314682,-1.1873644574847468
474,14847:A>G,p.Y4861C,ORF1ab,3,-1.0451099872589111,-1.1481706750124114
1308,23606:C>T,p.R682W,S,3,-1.029729962348938,-1.1312739906462932
1922,3231:G>A,p.G989D,ORF1ab,3,-1.029729962348938,-1.1312739906462932
1716,27765:C>G,p.L4V,ORF7b,2,-1.274549961090088,-0.8834507120123823
1207,22645:T>A,p.C361*,S,2,-1.274549961090088,-0.8834507120123823
1489,25324:C>A,p.C1254*,S,2,-1.274549961090088,-0.8834507120123823
1888,29594:A>C,p.I13L,ORF10,2,-1.2543599605560305,-0.8694560700666967
63,10718:C>T,p.R3485*,ORF1ab,2,-1.0451099872589111,-0.7244150410435546
518,15380:G>C,p.A5039P,ORF1ab,2,-1.0451099872589111,-0.7244150410435546
614,16221:G>C,p.R5319P,ORF1ab,2,-1.0451099872589111,-0.7244150410435546
388,13998:G>T,p.C4578F,ORF1ab,2,-1.0451099872589111,-0.7244150410435546
1168,22373:C>T,p.Q271*,S,2,-1.0451099872589111,-0.7244150410435546
363,13695:A>G,p.Q4477R,ORF1ab,2,-1.0451099872589111,-0.7244150410435546
713,17418:G>T,p.S5718I,ORF1ab,2,-1.0451099872589111,-0.7244150410435546
729,1757:G>T,p.A498S,ORF1ab,2,-1.0451099872589111,-0.7244150410435546
551,15667:A>G,p.*5134Wext*?,ORF1ab,2,-1.0451099872589111,-0.7244150410435546
1244,22942:T>G,p.N460K,S,2,-1.0451099872589111,-0.7244150410435546
2082,4829:C>T,p.Q1522*,ORF1ab,2,-1.0451099872589111,-0.7244150410435546
1243,22933:G>T,p.R457S,S,2,-1.0451099872589111,-0.7244150410435546
917,19689:A>T,p.Q6475L,ORF1ab,2,-1.0451099872589111,-0.7244150410435546
1125,22006:C>A,p.N148K,S,2,-1.029729962348938,-0.713754420140265
1309,23607:G>A,p.R682Q,S,2,-1.029729962348938,-0.713754420140265
1923,3236:C>G,p.Q991E,ORF1ab,2,-1.029729962348938,-0.713754420140265
1250,23034:C>T,p.P491L,S,2,-1.029729962348938,-0.713754420140265
1128,22025:A>G,p.S155G,S,2,-1.029729962348938,-0.713754420140265
1654,27158:T>G,p.S212R,M,7,-0.356330007314682,-0.6933861776465937
1824,28998:A>T,p.Q242L,N,3,-0.5919100046157837,-0.6502796048564975
1084,21736:C>G,p.F58L,S,2,-0.8556100130081177,-0.5930636681754349
1755,28197:T>C,p.C102R,ORF8,2,-0.8074399828910828,-0.5596747476123245
1742,28026:T>A,p.W45R,ORF8,2,-0.8074399828910828,-0.5596747476123245
2018,4067:G>A,p.A1268T,ORF1ab,2,-0.8074399828910828,-0.5596747476123245
1912,3177:C>A,p.P971H,ORF1ab,2,-0.8074399828910828,-0.5596747476123245
1137,22076:T>A,p.S172T,S,2,-0.8074399828910828,-0.5596747476123245
112,1143:T>G,p.L293R,ORF1ab,2,-0.7292699813842773,-0.5054914314635156
1690,27450:C>A,p.H19Q,ORF7a,2,-0.7292699813842773,-0.5054914314635156
1253,23064:A>G,p.N501S,S,2,-0.7292699813842773,-0.5054914314635156
402,14157:A>G,p.H4631R,ORF1ab,2,-0.7283899784088135,-0.5048814598821885
1769,28475:C>T,p.R68*,N,2,-0.5919100046157837,-0.41028075084465465
1935,3354:G>T,p.G1030V,ORF1ab,3,-0.356330007314682,-0.3914685248571071
914,19672:C>A,p.D6469E,ORF1ab,2,-0.356330007314682,-0.2469891399190765
1760,2837:T>G,p.S858A,ORF1ab,2,-0.356330007314682,-0.2469891399190765
1980,3741:T>C,p.I1159T,ORF1ab,2,-0.356330007314682,-0.2469891399190765
2028,4217:A>G,p.R1318G,ORF1ab,2,-0.356330007314682,-0.2469891399190765
2494,9272:A>G,p.R3003G,ORF1ab,2,-0.356330007314682,-0.2469891399190765
1982,3762:T>C,p.V1166A,ORF1ab,2,-0.356330007314682,-0.2469891399190765
342,13445:G>A,p.A4394T,ORF1ab,2,-0.356330007314682,-0.2469891399190765
1380,24220:G>T,p.W886C,S,2,-0.356330007314682,-0.2469891399190765
