cluster	cluster_jaccard_mean	hgvs_p	variant_id	position	lineage
0	0.972	p.L5F	21575:C>T	21575	B.1.526
0	0.972	p.N148T	22005:A>C	22005	
0	0.972	p.L176F	22088:C>T	22088	
0	0.972	p.D253G	22320:A>G	22320	B.1.526
0	0.972	p.D574Y	23282:G>T	23282	
1	0.424	p.T19R	21618:C>G	21618	B.1.617.2
1	0.424	p.T19R	21618:C>G	21618	B.1.617.3
1	0.424	p.T19R	21618:C>G	21618	AY.4
1	0.424	p.T19R	21618:C>G	21618	AY.4.2
1	0.424	p.E156_R158delinsG	22028:GAGTTCA>G	22028	
1	0.424	p.L452R	22917:T>G	22917	B.1.427
1	0.424	p.L452R	22917:T>G	22917	B.1.429
1	0.424	p.L452R	22917:T>G	22917	B.1.617.1
1	0.424	p.L452R	22917:T>G	22917	B.1.617.2
1	0.424	p.L452R	22917:T>G	22917	B.1.617.3
1	0.424	p.L452R	22917:T>G	22917	AY.4
1	0.424	p.L452R	22917:T>G	22917	AY.4.2
1	0.424	p.T478K	22995:C>A	22995	B.1.1.529
1	0.424	p.T478K	22995:C>A	22995	B.1.617.2
1	0.424	p.T478K	22995:C>A	22995	AY.4
1	0.424	p.T478K	22995:C>A	22995	BA.1
1	0.424	p.T478K	22995:C>A	22995	BA.2
1	0.424	p.T478K	22995:C>A	22995	BA.3
1	0.424	p.T478K	22995:C>A	22995	AY.4.2
1	0.424	p.P681R	23604:C>G	23604	A.23.1
1	0.424	p.P681R	23604:C>G	23604	B.1.617.1
1	0.424	p.P681R	23604:C>G	23604	B.1.617.2
1	0.424	p.P681R	23604:C>G	23604	B.1.617.3
1	0.424	p.P681R	23604:C>G	23604	AY.4
1	0.424	p.P681R	23604:C>G	23604	AY.4.2
1	0.424	p.D950N	24410:G>A	24410	B.1.617.2
1	0.424	p.D950N	24410:G>A	24410	B.1.617.3
1	0.424	p.D950N	24410:G>A	24410	B.1.621
1	0.424	p.D950N	24410:G>A	24410	AY.4
1	0.424	p.D950N	24410:G>A	24410	AY.4.2
2	0.248	p.T19I	21618:C>T	21618	BA.2
2	0.248	p.L24_A27delinsS	21632:TTACCCCCTG>T	21632	
2	0.248	p.V213G	22200:T>G	22200	
2	0.248	p.S371F	22674:C>T	22674	BA.2
2	0.248	p.S371F	22674:C>T	22674	BA.3
2	0.248	p.T376A	22688:A>G	22688	BA.2
2	0.248	p.D405N	22775:G>A	22775	BA.2
2	0.248	p.D405N	22775:G>A	22775	BA.3
2	0.248	p.R408S	22786:A>C	22786	BA.2
3	0.599	p.T20N	21621:C>A	21621	P.1
3	0.599	p.P26S	21638:C>T	21638	P.1
3	0.599	p.D88E	21826:T>G	21826	
3	0.599	p.D138Y	21974:G>T	21974	
3	0.599	p.R190S	22132:G>T	22132	
3	0.599	p.K417T	22812:A>C	22812	P.1
3	0.599	p.E484K	23012:G>A	23012	AV.1
3	0.599	p.E484K	23012:G>A	23012	B.1.1.318
3	0.599	p.E484K	23012:G>A	23012	B.1.351
3	0.599	p.E484K	23012:G>A	23012	B.1.525
3	0.599	p.E484K	23012:G>A	23012	B.1.526
3	0.599	p.E484K	23012:G>A	23012	B.1.621
3	0.599	p.E484K	23012:G>A	23012	P.1
3	0.599	p.E484K	23012:G>A	23012	P.2
3	0.599	p.E484K	23012:G>A	23012	P.3
3	0.599	p.T1027I	24642:C>T	24642	P.1
3	0.599	p.V1176F	25088:G>T	25088	P.3
4	0.05	p.A67V	21762:C>T	21762	BA.1
4	0.05	p.A67V	21762:C>T	21762	BA.3
4	0.05	p.G496S	23048:G>A	23048	BA.1
4	0.05	p.T547K	23202:C>A	23202	BA.1
4	0.05	p.N856K	24130:C>A	24130	BA.1
4	0.05	p.L981F	24503:C>T	24503	BA.1
5	0.04	p.E484A	23013:A>C	23013	B.1.1.529
5	0.04	p.E484A	23013:A>C	23013	BA.1
5	0.04	p.E484A	23013:A>C	23013	BA.2
5	0.04	p.E484A	23013:A>C	23013	BA.3
5	0.04	p.Q493R	23040:A>G	23040	B.1.1.529
5	0.04	p.Q493R	23040:A>G	23040	BA.1
5	0.04	p.Q493R	23040:A>G	23040	BA.2
5	0.04	p.Q493R	23040:A>G	23040	BA.3
5	0.04	p.Q498R	23055:A>G	23055	B.1.1.529
5	0.04	p.Q498R	23055:A>G	23055	BA.1
5	0.04	p.Q498R	23055:A>G	23055	BA.2
5	0.04	p.Q498R	23055:A>G	23055	BA.3
5	0.04	p.Y505H	23075:T>C	23075	B.1.1.529
5	0.04	p.Y505H	23075:T>C	23075	BA.1
5	0.04	p.Y505H	23075:T>C	23075	BA.2
5	0.04	p.Y505H	23075:T>C	23075	BA.3
5	0.04	p.N679K	23599:T>G	23599	B.1.1.529
5	0.04	p.N679K	23599:T>G	23599	BA.1
5	0.04	p.N679K	23599:T>G	23599	BA.2
5	0.04	p.N679K	23599:T>G	23599	BA.3
5	0.04	p.D796Y	23948:G>T	23948	B.1.1.529
5	0.04	p.D796Y	23948:G>T	23948	BA.1
5	0.04	p.D796Y	23948:G>T	23948	BA.2
5	0.04	p.D796Y	23948:G>T	23948	BA.3
5	0.04	p.Q954H	24424:A>T	24424	B.1.1.529
5	0.04	p.Q954H	24424:A>T	24424	BA.1
5	0.04	p.Q954H	24424:A>T	24424	BA.2
5	0.04	p.Q954H	24424:A>T	24424	BA.3
5	0.04	p.N969K	24469:T>A	24469	B.1.1.529
5	0.04	p.N969K	24469:T>A	24469	BA.1
5	0.04	p.N969K	24469:T>A	24469	BA.2
5	0.04	p.N969K	24469:T>A	24469	BA.3
6	0.543	p.N211_L212delinsI	22193:AATT>A	22193	
6	0.543	p.R346K	22599:G>A	22599	B.1.621
6	0.543	p.K417N	22813:G>T	22813	B.1.1.529
6	0.543	p.K417N	22813:G>T	22813	BA.1
6	0.543	p.K417N	22813:G>T	22813	BA.2
6	0.543	p.K417N	22813:G>T	22813	BA.3
6	0.543	p.N440K	22882:T>G	22882	B.1.1.529
6	0.543	p.N440K	22882:T>G	22882	BA.1
6	0.543	p.N440K	22882:T>G	22882	BA.2
6	0.543	p.N440K	22882:T>G	22882	BA.3
6	0.543	p.G446S	22898:G>A	22898	BA.1
6	0.543	p.G446S	22898:G>A	22898	BA.3
7	0.402	p.G75V	21786:G>T	21786	C.37
7	0.402	p.T76I	21789:C>T	21789	C.37
7	0.402	p.L452Q	22917:T>A	22917	C.37
7	0.402	p.F490S	23031:T>C	23031	C.37
7	0.402	p.T859N	24138:C>A	24138	C.37
8	0.973	p.S98F	21855:C>T	21855	
8	0.973	p.D138H	21974:G>C	21974	
8	0.973	p.T208S	22184:A>T	22184	
8	0.973	p.S221L	22224:C>T	22224	
8	0.973	p.D228H	22244:G>C	22244	
8	0.973	p.V1228L	25244:G>T	25244	
9	0.127	p.Y144del	21990:TTTA>T	21990	
9	0.127	p.A570D	23271:C>A	23271	B.1.1.7
9	0.127	p.T716I	23709:C>T	23709	B.1.1.7
9	0.127	p.S982A	24506:T>G	24506	B.1.1.7
9	0.127	p.D1118H	24914:G>C	24914	B.1.1.7
