cluster,cluster_jaccard_mean,hgvs_p,variant_id
0,0.978,p.L5F,21575:C>T
0,0.978,p.D574Y,23282:G>T
0,0.978,p.D253G,22320:A>G
0,0.978,p.S929T,24348:G>C
0,0.978,p.L176F,22088:C>T
1,0.858,p.P174S,22082:C>T
1,0.858,p.T323K,22530:C>A
1,0.858,p.D936N,24368:G>A
1,0.858,p.R346S,22600:A>C
1,0.858,p.A352S,22616:G>T
1,0.858,p.L452R,22917:TG>GT
1,0.858,p.A899S,24257:G>T
1,0.858,p.Q677H,23593:G>T
1,0.858,p.W152R,22016:T>A
1,0.858,p.S12F,21597:C>T
1,0.858,p.H49Y,21707:C>T
1,0.858,p.K854N,24124:G>T
2,0.369,p.G142D,21987:G>A
2,0.369,p.V213G,22200:T>G
2,0.369,p.S371F,22674:C>T
2,0.369,p.L24_A27delinsS,21632:TTACCCCCTG>T
2,0.369,p.T376A,22688:A>G
2,0.369,p.F486V,23018:T>G
2,0.369,p.D405N,22775:G>A
2,0.369,p.T19I,21618:C>T
2,0.369,p.R408S,22786:A>C
3,0.536,p.R190S,22132:G>T
3,0.536,p.T20N,21621:C>A
3,0.536,p.V1176F,25088:G>T
3,0.536,p.T1027I,24642:C>T
3,0.536,p.D138Y,21974:G>T
3,0.536,p.K417T,22812:A>C
3,0.536,p.E484K,23012:G>A
3,0.536,p.P26S,21638:C>T
4,0.417,p.G496S,23048:G>A
4,0.417,p.T95I,21846:C>T
4,0.417,p.R346K,22599:G>A
4,0.417,p.A67V,21762:C>T
4,0.417,p.S371L,22673:TC>CT
4,0.417,p.G142_Y145delinsD,21986:GGTGTTTATT>G
4,0.417,p.G446S,22898:G>A
4,0.417,p.T547K,23202:C>A
4,0.417,p.L981F,24503:C>T
4,0.417,p.N211_L212delinsI,22193:AATT>A
4,0.417,p.N856K,24130:C>A
5,0.199,p.S477N,22992:G>A
5,0.199,p.G339D,22578:G>A
5,0.199,p.N764K,23854:C>A
5,0.199,p.S373P,22679:T>C
5,0.199,p.D796Y,23948:G>T
5,0.199,p.S375F,22686:C>T
5,0.199,p.N969K,24469:T>A
5,0.199,p.Q954H,24424:A>T
5,0.199,p.N679K,23599:T>G
5,0.199,p.N440K,22882:T>G
5,0.199,p.Y505H,23075:T>C
5,0.199,p.Q498R,23055:A>G
5,0.199,p.Q493R,23040:A>G
5,0.199,p.E484A,23013:A>C
5,0.199,p.K417N,22813:G>T
5,0.199,p.H655Y,23525:C>T
6,0.654,p.L452Q,22917:T>A
6,0.654,p.F490S,23031:T>C
6,0.654,p.G75V,21786:G>T
6,0.654,p.S704L,23673:C>T
6,0.654,p.T76I,21789:C>T
6,0.654,p.T859N,24138:C>A
7,0.981,p.D228H,22244:G>C
7,0.981,p.S221L,22224:C>T
7,0.981,p.T208S,22184:A>T
7,0.981,p.S98F,21855:C>T
7,0.981,p.D138H,21974:G>C
7,0.981,p.V1228L,25244:G>T
8,0.118,p.Y144del,21990:TTTA>T
8,0.118,p.D1118H,24914:G>C
8,0.118,p.T716I,23709:C>T
8,0.118,p.S982A,24506:T>G
8,0.118,p.A570D,23271:C>A
9,0.888,p.N658K,23536:C>A
9,0.888,p.A1087S,24821:G>T
9,0.888,p.K558N,23236:G>T
9,0.888,p.K1073N,24781:G>T
9,0.888,p.S255F,22326:C>T
