B.1,6816
B.1.177,5351
B,2703
B.1.1,2593
B.1.1.7,1734
B.1.2,1542
A.2,1185
B.1.36,677
A,597
B.1.160,437
B.1.258,407
A.5,304
B.1.1.37,292
AD.2,288
B.1.234,255
B.1.177.4,241
B.1.36.29,221
B.1.1.311,203
B.1.595,201
B.1.1.33,184
B.1.428,182
B.1.177.57,176
B.1.177.32,174
B.1.1.307,169
B.1.36.17,145
B.1.182,142
B.1.1.39,140
B.1.1.1,135
B.1.221,132
B.1.1.194,130
B.1.177.7,122
B.1.126,109
B.1.356,107
B.6,107
P.2,106
B.1.1.219,102
B.1.177.87,102
B.40,100
A.1,95
B.1.160.32,94
B.1.320,87
B.1.600,86
B.1.400,84
B.1.416.1,76
B.1.1.46,73
B.1.177.56,73
B.1.1.326,73
B.33,73
B.1.1.153,72
B.1.1.28,72
C.14,69
B.1.177.54,68
B.1.157,68
B.1.177.16,67
B.1.258.17,66
B.1.177.44,66
B.1.240,64
B.1.177.81,64
B.1.369,63
B.1.177.53,63
B.1.177.20,60
B.1.223,58
B.1.177.17,58
B.1.548,58
B.1.243,57
B.1.1.50,56
B.1.1.369,55
B.1.389,55
B.1.177.19,55
B.4,54
B.1.378,52
B.1.177.43,51
Unassigned,51
B.1.36.16,51
BA.1.1,50
B.1.609,49
B.1.177.8,49
W.4,48
B.1.110.3,48
B.1.160.30,47
B.1.177.69,46
B.1.177.15,45
B.1.177.18,44
B.1.177.5,44
B.1.177.58,43
B.1.1.70,43
B.1.351,41
B.1.1.220,41
B.1.1.25,41
B.1.177.23,40
B.1.1.400,40
B.1.14,39
B.1.524,39
A.4,38
A.3,38
C.30,37
B.1.1.189,37
B.1.1.10,37
B.1.509,36
Q.4,36
S:p.D614G,29371
ORF1ab:p.F924F,29180
ORF1ab:p.L4715L,28499
N:p.A220V,7888
N:p.R203K,7802
ORF10:p.V30L,7772
M:p.L93L,7733
N:p.G204R,7704
ORF1ab:p.T2007T,7608
ORF3a:p.Q57H,7410
S:p.A222V,7283
ORF1ab:p.R6997P,7032
ORF1ab:p.V60V,7015
ORF1ab:p.T265I,4602
ORF8:p.H17H,4185
ORF1ab:p.*6668Wext*?,3976
N:p.S194L,2595
ORF8:p.S24L,2309
ORF1ab:p.T4847I,2250
S:p.H69_V70del,2240
ORF1ab:p.V6204V,2237
ORF1ab:p.T1001I,2163
ORF8:p.L84S,2160
M:p.Y71Y,2146
ORF1ab:p.S2839S,2087
S:p.L18F,2037
N:p.S235F,1946
ORF8:p.Q27*,1945
N:p.D3L,1913
S:p.A570D,1906
ORF8:p.R52I,1904
S:p.P681H,1901
ORF8:p.Y73C,1900
S:p.T716I,1891
S:p.N501Y,1863
ORF1ab:p.S216S,1852
ORF1ab:p.S3675_F3677del,1850
ORF1ab:p.L3352F,1827
ORF1ab:p.F1907F,1822
S:p.D1118H,1803
N:p.P199L,1803
ORF1ab:p.A1708D,1774
ORF1ab:p.T5005I,1769
S:p.S982A,1749
ORF1ab:p.P4804L,1737
ORF1ab:p.L5304P,1726
S:p.Y144del,1689
ORF1ab:p.I2230T,1679
ORF1ab:p.L6053L,1608
ORF1ab:p.H7013H,1604
N:p.D128D,1460
ORF1ab:p.L3606F,1333
N:p.S197L,1131
ORF1ab:p.F3071Y,1124
ORF1ab:p.*5167Yext*?,1110
S:p.D294D,1059
N:p.P67S,1030
ORF1ab:p.S5784G,916
ORF3a:p.G196V,907
ORF3a:p.G172V,900
N:p.M234I,824
S:p.A924A,806
ORF1ab:p.T554T,725
S:p.S477N,704
ORF1ab:p.M2606I,692
ORF1ab:p.T1426T,685
ORF1ab:p.A3623S,660
N:p.A376T,651
ORF1ab:p.V5613V,650
ORF1ab:p.L16L,650
ORF1ab:p.Y1635Y,644
ORF1ab:p.K4576N,628
M:p.I118I,625
ORF1ab:p.S5585I,618
ORF1ab:p.Y3744Y,614
ORF1ab:p.I2501T,610
ORF1ab:p.Y2594Y,600
ORF1ab:p.T1788T,595
ORF1ab:p.N5542D,593
ORF3a:p.L106L,593
N:p.D377Y,584
ORF1ab:p.M3087I,571
ORF1ab:p.L6091F,555
N:p.T205I,554
ORF7b:p.A15A,551
ORF3a:p.S180P,550
S:p.I231I,544
S:p.N439K,533
ORF1ab:p.W5921C,511
ORF1ab:p.M5111I,502
M:p.R150R,501
ORF1ab:p.L3535L,498
S:p.T1116T,491
ORF1ab:p.M4241I,488
ORF1ab:p.C416C,474
S:p.T723T,469
ORF3a:p.G251V,457
ORF1ab:p.S574S,450
ORF3a:p.T223I,442
N:p.P365S,437
